,ID,Author,body,Comment,Score,Created On,Replies,Submission,Subreddit,Subreddit_ID,Distinguished,Edited,Is_submitter,link_id,Parent_id,Permalink
0,ihhfkzr,AutoModerator,"Welcome to /r/WoahDude! 

* Check out what counts as ""woahdude material"" in our [**wiki**](https://www.reddit.com/r/woahdude/wiki/index#wiki_woahdude_material).


*I am a bot, and this action was performed automatically. Please [contact the moderators of this subreddit](/message/compose/?to=/r/woahdude) if you have any questions or concerns.*","Welcome to /r/WoahDude! 

* Check out what counts as ""woahdude material"" in our [**wiki**](https://www.reddit.com/r/woahdude/wiki/index#wiki_woahdude_material).


*I am a bot, and this action was performed automatically. Please [contact the moderators of this subreddit](/message/compose/?to=/r/woahdude) if you have any questions or concerns.*",1,2022-07-24 19:21:59,<praw.models.comment_forest.CommentForest object at 0x0000022EF0D22640>,w73iad,woahdude,t5_2r8tu,moderator,False,False,t3_w73iad,t3_w73iad,/r/woahdude/comments/w73iad/trippy_psychedelic_effects_in_sour_magics_new/ihhfkzr/
1,ihhz32w,capman511,His 52 listeners are enthralled I'm sure.,His 52 listeners are enthralled I'm sure.,50,2022-07-24 21:38:11,<praw.models.comment_forest.CommentForest object at 0x0000022EF0D226A0>,w73iad,woahdude,t5_2r8tu,,False,False,t3_w73iad,t3_w73iad,/r/woahdude/comments/w73iad/trippy_psychedelic_effects_in_sour_magics_new/ihhz32w/
2,ihi6zl4,cdawg2112,OP is definitely just promoting his own band. Fire your creative director cause they’re ass,OP is definitely just promoting his own band. Fire your creative director cause they’re ass,66,2022-07-24 22:35:01,<praw.models.comment_forest.CommentForest object at 0x0000022EF0D22700>,w73iad,woahdude,t5_2r8tu,,False,False,t3_w73iad,t3_w73iad,/r/woahdude/comments/w73iad/trippy_psychedelic_effects_in_sour_magics_new/ihi6zl4/
3,ihi1vf6,,This shit is ass OP,This shit is ass OP,76,2022-07-24 21:57:55,<praw.models.comment_forest.CommentForest object at 0x0000022EF0D227C0>,w73iad,woahdude,t5_2r8tu,,False,False,t3_w73iad,t3_w73iad,/r/woahdude/comments/w73iad/trippy_psychedelic_effects_in_sour_magics_new/ihi1vf6/
4,ihi6znc,Oatmeal_Raison,Me when I figure out opacity and green screen effects,Me when I figure out opacity and green screen effects,20,2022-07-24 22:35:02,<praw.models.comment_forest.CommentForest object at 0x0000022EF0D22880>,w73iad,woahdude,t5_2r8tu,,False,False,t3_w73iad,t3_w73iad,/r/woahdude/comments/w73iad/trippy_psychedelic_effects_in_sour_magics_new/ihi6znc/
5,ihibub2,,"I like the shoegaze aesthetic of the music, but the 1990 effects are not good.","I like the shoegaze aesthetic of the music, but the 1990 effects are not good.",14,2022-07-24 23:11:17,<praw.models.comment_forest.CommentForest object at 0x0000022EF0D229A0>,w73iad,woahdude,t5_2r8tu,,False,False,t3_w73iad,t3_w73iad,/r/woahdude/comments/w73iad/trippy_psychedelic_effects_in_sour_magics_new/ihibub2/
6,ihhwgox,Low_Reference_6316,Are you not supposed to hear the lyrics for trippy music?,Are you not supposed to hear the lyrics for trippy music?,12,2022-07-24 21:19:47,<praw.models.comment_forest.CommentForest object at 0x0000022EF0D22A00>,w73iad,woahdude,t5_2r8tu,,False,False,t3_w73iad,t3_w73iad,/r/woahdude/comments/w73iad/trippy_psychedelic_effects_in_sour_magics_new/ihhwgox/
7,ihi419c,stripedpixel,I guarantee the editor got underpaid,I guarantee the editor got underpaid,8,2022-07-24 22:13:29,<praw.models.comment_forest.CommentForest object at 0x0000022EF0D22A60>,w73iad,woahdude,t5_2r8tu,,False,False,t3_w73iad,t3_w73iad,/r/woahdude/comments/w73iad/trippy_psychedelic_effects_in_sour_magics_new/ihi419c/
8,ihjidpo,TheLazyHumanist,Whoa dude! This is absolute trash.,Whoa dude! This is absolute trash.,3,2022-07-25 05:08:15,<praw.models.comment_forest.CommentForest object at 0x0000022EF0D22AC0>,w73iad,woahdude,t5_2r8tu,,False,False,t3_w73iad,t3_w73iad,/r/woahdude/comments/w73iad/trippy_psychedelic_effects_in_sour_magics_new/ihjidpo/
9,ihifxj2,tmnt88,Man this has 90s pop punk vibes all over it...not sure if it's a good thing or a bad thing but it reminded me of being a kid watching MTV before school,Man this has 90s pop punk vibes all over it...not sure if it's a good thing or a bad thing but it reminded me of being a kid watching MTV before school,0,2022-07-24 23:42:39,<praw.models.comment_forest.CommentForest object at 0x0000022EF0D22B20>,w73iad,woahdude,t5_2r8tu,,False,False,t3_w73iad,t3_w73iad,/r/woahdude/comments/w73iad/trippy_psychedelic_effects_in_sour_magics_new/ihifxj2/
10,ihibt2a,daftpunko,Damn you got hated on hard.  I liked it.  Vocalist is a bit too quiet to hear though.  He sounds like Thom Yorke,Damn you got hated on hard.  I liked it.  Vocalist is a bit too quiet to hear though.  He sounds like Thom Yorke,-2,2022-07-24 23:11:02,<praw.models.comment_forest.CommentForest object at 0x0000022EF0D22B80>,w73iad,woahdude,t5_2r8tu,,False,False,t3_w73iad,t3_w73iad,/r/woahdude/comments/w73iad/trippy_psychedelic_effects_in_sour_magics_new/ihibt2a/
11,ihioib2,,"sure, kid. Good stuff, Champ","sure, kid. Good stuff, Champ",-1,2022-07-25 00:50:01,<praw.models.comment_forest.CommentForest object at 0x0000022EF0D22BE0>,w73iad,woahdude,t5_2r8tu,,False,False,t3_w73iad,t3_w73iad,/r/woahdude/comments/w73iad/trippy_psychedelic_effects_in_sour_magics_new/ihioib2/
12,ihk4v1f,thehimalayansaiyan,*I wanna be adored*,*I wanna be adored*,1,2022-07-25 09:56:45,<praw.models.comment_forest.CommentForest object at 0x0000022EF0D22CA0>,w73iad,woahdude,t5_2r8tu,,False,False,t3_w73iad,t3_w73iad,/r/woahdude/comments/w73iad/trippy_psychedelic_effects_in_sour_magics_new/ihk4v1f/
13,ihkmb33,RecommendationFunny5,Wtf is he saying ??.?.?.?,Wtf is he saying ??.?.?.?,1,2022-07-25 12:59:16,<praw.models.comment_forest.CommentForest object at 0x0000022EF0D22D00>,w73iad,woahdude,t5_2r8tu,,False,False,t3_w73iad,t3_w73iad,/r/woahdude/comments/w73iad/trippy_psychedelic_effects_in_sour_magics_new/ihkmb33/
14,ihw6irr,,Did they make this at Six Flags?,Did they make this at Six Flags?,1,2022-07-27 19:37:47,<praw.models.comment_forest.CommentForest object at 0x0000022EF0D22D60>,w73iad,woahdude,t5_2r8tu,,False,False,t3_w73iad,t3_w73iad,/r/woahdude/comments/w73iad/trippy_psychedelic_effects_in_sour_magics_new/ihw6irr/
15,ihmi7kt,use_vpn_orlozeacount,"lol pretty close

https://i.imgur.com/oa9fVC3.jpeg","lol pretty close

https://i.imgur.com/oa9fVC3.jpeg",5,2022-07-25 20:28:41,<praw.models.comment_forest.CommentForest object at 0x0000022EF0D22760>,w73iad,woahdude,t5_2r8tu,,False,False,t3_w73iad,t1_ihhz32w,/r/woahdude/comments/w73iad/trippy_psychedelic_effects_in_sour_magics_new/ihmi7kt/
16,ihi6sdc,such_karma,Yeah low quality af,Yeah low quality af,15,2022-07-24 22:33:35,<praw.models.comment_forest.CommentForest object at 0x0000022EF0D228E0>,w73iad,woahdude,t5_2r8tu,,False,False,t3_w73iad,t1_ihi1vf6,/r/woahdude/comments/w73iad/trippy_psychedelic_effects_in_sour_magics_new/ihi6sdc/
17,ihisp0t,theabstractpyro,Yeah that's what I was thinking,Yeah that's what I was thinking,4,2022-07-25 01:22:51,<praw.models.comment_forest.CommentForest object at 0x0000022EF0D22940>,w73iad,woahdude,t5_2r8tu,,False,False,t3_w73iad,t1_ihi1vf6,/r/woahdude/comments/w73iad/trippy_psychedelic_effects_in_sour_magics_new/ihisp0t/
18,ihjnykn,RedLimbo,"Bruh, we listening to the same Thom Yorke?","Bruh, we listening to the same Thom Yorke?",4,2022-07-25 06:11:22,<praw.models.comment_forest.CommentForest object at 0x0000022EF0D22C40>,w73iad,woahdude,t5_2r8tu,,False,False,t3_w73iad,t1_ihibt2a,/r/woahdude/comments/w73iad/trippy_psychedelic_effects_in_sour_magics_new/ihjnykn/
19,ihmied4,capman511,"Would you look at that, he gained 5 since yesterday.","Would you look at that, he gained 5 since yesterday.",3,2022-07-25 20:29:50,<praw.models.comment_forest.CommentForest object at 0x0000022EF0D22820>,w73iad,woahdude,t5_2r8tu,,False,False,t3_w73iad,t1_ihmi7kt,/r/woahdude/comments/w73iad/trippy_psychedelic_effects_in_sour_magics_new/ihmied4/
20,iypwpxe,AutoModerator,"Welcome to /r/WoahDude! 

* Check out what counts as ""woahdude material"" in our [**wiki**](https://www.reddit.com/r/woahdude/wiki/index#wiki_woahdude_material).


*I am a bot, and this action was performed automatically. Please [contact the moderators of this subreddit](/message/compose/?to=/r/woahdude) if you have any questions or concerns.*","Welcome to /r/WoahDude! 

* Check out what counts as ""woahdude material"" in our [**wiki**](https://www.reddit.com/r/woahdude/wiki/index#wiki_woahdude_material).


*I am a bot, and this action was performed automatically. Please [contact the moderators of this subreddit](/message/compose/?to=/r/woahdude) if you have any questions or concerns.*",1,2022-12-03 05:51:17,<praw.models.comment_forest.CommentForest object at 0x0000022EF0D198E0>,zb912d,woahdude,t5_2r8tu,moderator,False,False,t3_zb912d,t3_zb912d,/r/woahdude/comments/zb912d/trippy_tree_love/iypwpxe/
21,iyq3pfo,Adorable-Ad-3223,Man. Maybe you have had enough drugs for the night. Go to sleep.,Man. Maybe you have had enough drugs for the night. Go to sleep.,33,2022-12-03 07:19:09,<praw.models.comment_forest.CommentForest object at 0x0000022EF0D19940>,zb912d,woahdude,t5_2r8tu,,False,False,t3_zb912d,t3_zb912d,/r/woahdude/comments/zb912d/trippy_tree_love/iyq3pfo/
22,iyrazdp,littletoaster3,Filters are cool,Filters are cool,16,2022-12-03 15:43:06,<praw.models.comment_forest.CommentForest object at 0x0000022EF0D199A0>,zb912d,woahdude,t5_2r8tu,,False,False,t3_zb912d,t3_zb912d,/r/woahdude/comments/zb912d/trippy_tree_love/iyrazdp/
23,iyrwizd,2manyfelines,How is that tree ever going to find a job with this on the internet?,How is that tree ever going to find a job with this on the internet?,7,2022-12-03 18:09:20,<praw.models.comment_forest.CommentForest object at 0x0000022EF0D19A00>,zb912d,woahdude,t5_2r8tu,,False,False,t3_zb912d,t3_zb912d,/r/woahdude/comments/zb912d/trippy_tree_love/iyrwizd/
24,iyqxxwp,jimboslice29,Boomers,Boomers,14,2022-12-03 13:57:31,<praw.models.comment_forest.CommentForest object at 0x0000022EF0D19AC0>,zb912d,woahdude,t5_2r8tu,,False,False,t3_zb912d,t3_zb912d,/r/woahdude/comments/zb912d/trippy_tree_love/iyqxxwp/
25,iytg9lw,HoundNZ_2022,Op's probably high as fuck. It's a fucking tree with some very shitty filter behind it. Sorry if I'm being harsh but like um.. wtf?,Op's probably high as fuck. It's a fucking tree with some very shitty filter behind it. Sorry if I'm being harsh but like um.. wtf?,6,2022-12-04 00:54:42,<praw.models.comment_forest.CommentForest object at 0x0000022EF0D19B20>,zb912d,woahdude,t5_2r8tu,,False,False,t3_zb912d,t3_zb912d,/r/woahdude/comments/zb912d/trippy_tree_love/iytg9lw/
26,iyt07d8,gnarkill6,What's that song? It's neat and stimulating.,What's that song? It's neat and stimulating.,-1,2022-12-03 22:49:53,<praw.models.comment_forest.CommentForest object at 0x0000022EF0D19B80>,zb912d,woahdude,t5_2r8tu,,False,False,t3_zb912d,t3_zb912d,/r/woahdude/comments/zb912d/trippy_tree_love/iyt07d8/
27,iyswstt,C_l_oCkSuCkEr,Wtf was that supposed to mean?,Wtf was that supposed to mean?,1,2022-12-03 22:24:15,<praw.models.comment_forest.CommentForest object at 0x0000022EF0D19BE0>,zb912d,woahdude,t5_2r8tu,,False,False,t3_zb912d,t3_zb912d,/r/woahdude/comments/zb912d/trippy_tree_love/iyswstt/
28,iytoag1,LSDREAMN,“The quartz crystal can feel the tree’s intentions”,“The quartz crystal can feel the tree’s intentions”,1,2022-12-04 02:00:04,<praw.models.comment_forest.CommentForest object at 0x0000022EF0D19C40>,zb912d,woahdude,t5_2r8tu,,False,False,t3_zb912d,t3_zb912d,/r/woahdude/comments/zb912d/trippy_tree_love/iytoag1/
29,iysq2n1,FaeryLynne,Filters are really fun when you're high af,Filters are really fun when you're high af,2,2022-12-03 21:34:42,<praw.models.comment_forest.CommentForest object at 0x0000022EF0D19A60>,zb912d,woahdude,t5_2r8tu,,False,False,t3_zb912d,t1_iyrazdp,/r/woahdude/comments/zb912d/trippy_tree_love/iysq2n1/
